id,start_count,end_count,combined_count,name,lat,long
BK-A7,544,552,1096,Vine St at Shattuck Ave,37.88022244590679,-122.26959228515624
BK-B7,352,400,752,Virginia St at Shattuck Ave,37.87657254910685,-122.26952791213988
BK-C1,278,330,608,Fifth St at Delaware St,37.870407115465376,-122.29967594146729
BK-C5,536,455,991,North Berkeley BART,37.8738556998122,-122.28298832384976
BK-C6,567,598,1165,MLK Jr Way at University Ave,37.8717192,-122.2730677
BK-C7,686,709,1395,Shattuck Ave at Hearst Ave,37.87367621459825,-122.26848721504211
BK-C9,1198,1070,2268,Euclid Ave at Hearst Ave,37.8753207,-122.2601554
BK-D1,475,539,1014,Addison St at Fourth St,37.866249,-122.2993708
BK-D10,1674,1549,3223,Bancroft Way at College Ave,37.869394312305865,-122.25433029666108
BK-D2,129,183,312,10th St at University Ave,37.869068584123774,-122.2934198434296
BK-D4,246,277,523,West St at University Ave,37.86996670760404,-122.28653311729433
BK-D5,229,253,482,Addison St at California St,37.86972662872833,-122.27938914547282
BK-D7-1,1659,1689,3348,Downtown Berkeley BART,37.870139,-122.268422
BK-D7-2,521,545,1066,Berkeley Civic Center,37.8690599,-122.270556
BK-E10,125,109,234,Haste St at College Ave,37.8665209865504,-122.2538440662579
BK-E3,333,374,707,Channing Way at San Pablo Ave,37.86281710670802,-122.2902952903697
BK-E7,552,556,1108,Channing Way at Shattuck Ave,37.8658466,-122.2674431
BK-E8,553,548,1101,Fulton St at Bancroft Way,37.868135281599706,-122.26593686946156
BK-E9-1,2023,1859,3882,Bancroft Way at Telegraph Ave,37.8689109,-122.2587857
BK-E9-2,192,162,354,Haste St at Telegraph Ave,37.86605793797572,-122.25883711768392
BK-F10,653,595,1248,Derby St at College Ave,37.86175955253551,-122.25367726566596
BK-F2,225,265,490,Ninth St at Parker St,37.8588682,-122.2912095
BK-F7,424,440,864,Milvia St at Derby St,37.86012459911685,-122.2693844139576
BK-F8,942,887,1829,Parker St at Fulton St,37.8624644,-122.2647911
BK-F9,573,508,1081,Telegraph Ave at Carleton St,37.861927509,-122.258785129
BK-G10,594,582,1176,Russell St at College Ave,37.8584732,-122.2532529
BK-G4,148,197,345,San Pablo Park,37.85578332030199,-122.28312671184538
BK-G7,571,598,1169,Oregon St at Adeline St,37.8575672,-122.2675583
BK-G8,263,261,524,Ellsworth St at Russell St,37.85760774739988,-122.26160466670989
BK-H3,495,498,993,Ninth St at Heinz Ave,37.85299776297823,-122.28944645338662
BK-H6,883,888,1771,Ashby BART,37.8524766,-122.2702132
BK-H8,264,251,515,Fulton St at Ashby Ave,37.85557366182879,-122.2635653614998
BK-H9,428,417,845,Telegraph Ave at Ashby Ave,37.8559558,-122.2597949
BK-I10,414,374,788,College Ave at Alcatraz Ave,37.8513755,-122.2525233
BK-I5,237,259,496,Woolsey St at Sacramento St,37.8505777,-122.2781754
BK-I6,240,225,465,Harmon St at Adeline St,37.849735,-122.270582
EM-1,1,0,1,Emeryville Depot,37.830296182687,-122.2894299030304
EM-A1,205,201,406,59th St at Horton St,37.84097755,-122.29118073
EM-A2,105,142,247,Doyle St at 59th St,37.8419238,-122.2880451
EM-AA2,47,56,103,Vallejo St at 66th St,37.84835596348644,-122.2886089419628
EM-B0,50,47,97,Powell St at Commodore Dr,37.837025,-122.304826
EM-B0-2,59,68,127,2100 Powell St,37.83954308266563,-122.2987177222967
EM-B1,83,94,177,Emeryville Public Market,37.84052116694969,-122.29352831840517
EM-B2,72,76,148,Stanford Ave at Hollis St,37.8384435,-122.2886647
EM-C1,271,306,577,65th St at Hollis St,37.8467842,-122.2913761
EM-C1-2,237,276,513,Bay Street Plaza,37.834574108061645,-122.29206176011056
EM-C2,69,71,140,53rd St at Hollis St,37.8361823,-122.2871801
EM-C3,245,282,527,47th St at San Pablo Ave,37.8356703,-122.2811258
EM-D2,149,157,306,Horton St at 40th St,37.8297046,-122.2876102
EM-D2-2,121,118,239,Huchiun Park,37.83159410797172,-122.2903389768136
EM-D3,123,135,258,Emeryville Town Hall,37.8312752,-122.2856333
EM-D4,183,189,372,Adeline St at 40th St,37.8312769,-122.2782669
OK-A2,234,220,454,Telegraph Ave at Alcatraz Ave,37.85022187449679,-122.26017236709596
OK-A4,296,246,542,62nd St at Claremont Ave,37.8494355,-122.2525406
OK-AA3,165,176,341,65th St at San Pablo Ave,37.84814590831065,-122.2851545595561
OK-B1,213,201,414,Alcatraz Ave at Shattuck Ave,37.849594967776646,-122.26556897163393
OK-B2,162,142,304,Bushrod Park,37.8465156,-122.2653043
OK-B3,165,147,312,Telegraph Ave at 58th St,37.8444927,-122.261351
OK-B4,1066,1082,2148,Rockridge BART,37.84427875399067,-122.251900434494
OK-B5,155,158,313,College Ave at Taft Ave,37.8417999,-122.2515349
OK-C2,147,154,301,Dover St at 57th St,37.8426295,-122.267738
OK-C3,189,163,352,55th St at Telegraph Ave,37.8401858,-122.2618225
OK-C4,226,201,427,Miles Ave at Cavour St,37.8388,-122.258732
OK-C5,151,143,294,College Ave at Bryant Ave,37.8381269,-122.2512714
OK-D0,175,154,329,Lowell St at Stanford Ave,37.84325268467536,-122.2769811964533
OK-D2,228,252,480,Genoa St at 55th St,37.8396488,-122.2717561
OK-D3-1,134,103,237,Shattuck Ave at 55th St,37.8403643,-122.2644881
OK-D3-2,94,98,192,52nd St at MLK Jr Way,37.837369,-122.267656
OK-D4,564,565,1129,Telegraph Ave at 49th St,37.83575,-122.262654
OK-D5,250,224,474,Broadway at Coronado Ave,37.8357883,-122.2516207
OK-E3,92,78,170,45th St at MLK Jr Way,37.8335577,-122.2674183
OK-E4,313,296,609,Shattuck Ave at Telegraph Ave,37.83353887161604,-122.263693665756
OK-E5,215,204,419,45th St at Manila,37.8332935222321,-122.25622415542604
OK-F2-2,140,147,287,Market St at 45th St,37.834174,-122.272968
OK-F3,190,149,339,West St at 40th St,37.8302232,-122.2709501
OK-F4,1688,1710,3398,MacArthur BART,37.8285951,-122.2663493
OK-F5,317,279,596,Broadway at 40th St,37.8277573,-122.2567156
OK-F5-1,211,192,403,Webster St at 40th St,37.82876385742399,-122.26075912464113
OK-F6,670,686,1356,40th St at Piedmont Ave,37.825785004382006,-122.25346968515623
OK-G2,243,231,474,Market St at 40th St,37.8305452,-122.2739367
OK-G3,103,120,223,37th St at West St,37.82669558640968,-122.27179706096648
OK-G4,132,117,249,MacArthur Blvd at Telegraph Ave,37.8262863,-122.2651002
OK-G5,214,207,421,Mosswood Park,37.82489252995112,-122.26043654610294
OK-G6,266,254,520,Piedmont Ave at MacArthur Blvd,37.823143222649385,-122.2569505732544
OK-H15,80,73,153,Fruitvale Ave at MacArthur Blvd,37.80062512497625,-122.2161109214726
OK-H16,91,94,185,MacArthur Blvd at Hopkins Pl,37.79856714075992,-122.20808543953552
OK-H2,238,237,475,32nd St at Adeline St,37.8238474,-122.2811926
OK-H2-2,41,46,87,Brockhurst St at San Pablo Ave,37.82352279021405,-122.27718830108644
OK-H3-2,162,180,342,West St at Brockhurst St,37.82268385945021,-122.27292420364392
OK-H4-3,87,59,146,34th St at Telegraph Ave,37.82246767714513,-122.26597130298616
OK-H5,682,674,1356,Broadway at 30th St,37.8193814,-122.2619284
OK-H9-1,493,524,1017,Grand Ave at Santa Clara Ave,37.8127441,-122.2472152
OK-H9-2,369,382,751,Lakeshore Ave at Trestle Glen Rd,37.8110807,-122.2432677
OK-I17,1,1,2,Brookdale Ave at 35th Ave,37.788436,-122.210008
OK-I18,25,27,52,Magee Ave at MacArthur Blvd,37.793446,-122.199504
OK-I3,57,49,106,27th St at San Pablo Ave,37.8178861054494,-122.27595852149544
OK-I4,29,33,62,MLK Jr Way at 27th St,37.817350256930574,-122.27147850614034
OK-I5,342,318,660,Telegraph Ave at 27th St,37.816073115011406,-122.26788640022278
OK-I6,949,966,1915,Bay Pl at Vernon St,37.81225021872637,-122.2607185732995
OK-I6-2,368,349,717,26th St at Broadway,37.81482406413866,-122.26424569694971
OK-I8,748,776,1524,Grand Ave at Perkins St,37.80889393398715,-122.25646018981932
OK-I9,753,851,1604,El Embarcadero at Grand Ave,37.808715,-122.2492512
OK-J16,44,43,87,Lynde St at Fruitvale Ave,37.791142,-122.219512
OK-J3,80,79,159,24th St at Market St,37.8160598,-122.2782444
OK-J4,74,73,147,Isabella St at San Pablo Ave,37.81498823042416,-122.2748440504074
OK-J5,477,504,981,23rd St at Telegraph Ave,37.81258108581741,-122.2685730457306
OK-J6-1,731,756,1487,Grand Ave at Webster St,37.8113768,-122.2651925
OK-J6-2,297,317,614,Snow Park,37.80781318217903,-122.26449608802795
OK-J9,403,403,806,Brooklyn Ave at Lakeshore Ave,37.80513288481057,-122.2503679309362
OK-K1,227,238,465,Raimondi Park,37.81493053721438,-122.292953407218
OK-K1-2,333,340,673,Mandela Parkway at W Grand Ave,37.81577852302503,-122.2894739973806
OK-K10,349,327,676,21st St at 5th Ave,37.800459411713945,-122.24745869636536
OK-K11,78,93,171,11th Ave at 19th St,37.79456581381641,-122.24442771710704
OK-K12,8,7,15,16th Ave at E 21st St,37.793449,-122.239736
OK-K14,7,4,11,E 21st St at 23rd Ave,37.78856066343691,-122.2315811650537
OK-K17,12,17,29,Foothill Blvd at Harrington Ave,37.77993,-122.2177284
OK-K2,222,223,445,DeFremery Park,37.8123315,-122.2851712
OK-K3,159,175,334,Marston Campbell Park,37.8098236,-122.2801923
OK-K4,117,114,231,San Pablo Ave at MLK Jr Way,37.8113514,-122.2734217
OK-K5-1,533,530,1063,Telegraph Ave at 19th St,37.8087021,-122.2699271
OK-K5-2,1185,1165,2350,19th Street BART,37.80936861213485,-122.26795077323914
OK-K6,344,370,714,Webster St at 19th St,37.807216525,-122.266566157
OK-K7,428,425,853,Madison St at 17th St,37.8040367840236,-122.26240932941435
OK-K9,401,429,830,2nd Ave at E 18th St,37.8002135669698,-122.25381016731262
OK-K9-2,171,178,349,E 18th St at 4th Ave,37.79920674125079,-122.25129128429244
OK-L0,192,200,392,Willow Park,37.81236254956572,-122.29609629373002
OK-L1,210,198,408,14th St at Mandela Pkwy,37.8107432,-122.2914153
OK-L10,57,57,114,6th Ave at E 12th St,37.794416666,-122.253739476
OK-L11,54,50,104,10th Ave at E 15th St,37.7927143,-122.2487796
OK-L12,43,57,100,San Antonio Park,37.79013985185364,-122.24237322807312
OK-L14,35,32,67,23rd Ave at Foothill Blvd,37.7851915,-122.2343822
OK-L16,25,25,50,Foothill Blvd at Fruitvale Ave,37.7837569,-122.2226033
OK-L19,24,28,52,Bond St at High St,37.77415256430236,-122.21239820122716
OK-L3,78,81,159,14th St at Filbert St,37.80874983465997,-122.28328227996823
OK-L4,343,337,680,Jefferson St at 14th St,37.805207,-122.275156
OK-L5,758,717,1475,Frank H Ogawa Plaza,37.8045623549303,-122.27173805236816
OK-L6,382,359,741,Franklin St at 13th St,37.80303013575619,-122.27049618959428
OK-L6-2,280,265,545,13th St at Webster St,37.802688402040665,-122.26914636790752
OK-L7,155,140,295,Jackson St at 11th St,37.80000163118878,-122.26643800735472
OK-L7-2,433,388,821,Lakeside Dr at 14th St,37.8013189,-122.2626418
OK-L8,250,264,514,10th St at Fallon St,37.7976728,-122.2629973
OK-L8-2,207,179,386,Lakeshore Ave,37.79889596098421,-122.25869433497589
OK-L9,174,150,324,4th Ave at E 12th St,37.795913,-122.255547
OK-M14,13,16,29,26th Ave at International Blvd,37.781123,-122.2329915
OK-M16,40,41,81,Farnam St at Fruitvale Ave,37.778058,-122.2254
OK-M3,101,101,202,10th St at Chestnut St,37.8063553,-122.2860187
OK-M5,331,331,662,Washington St at 8th St,37.8007544,-122.2748943
OK-M6,360,376,736,Franklin St at 9th St,37.8005161,-122.2720799
OK-M7,1042,923,1965,Lake Merritt BART,37.7973195,-122.2653199
OK-N1,1438,1395,2833,West Oakland BART,37.8051895,-122.29461686454056
OK-N10,381,411,792,Brooklyn Basin,37.78744096071392,-122.25555462691868
OK-N17,147,145,292,Fruitvale BART,37.7752321,-122.2244982
OK-N5,313,346,659,Jack London Square,37.796248,-122.279352
OK-N6,462,502,964,Webster St at 2nd St,37.795194764385954,-122.27396965026855
OK-N7,248,268,516,Second St at Oak St,37.79283145949592,-122.26827767083098
